id,observed_on_string,observed_on,time_observed_at,time_zone,user_id,user_login,created_at,updated_at,quality_grade,license,url,image_url,sound_url,tag_list,description,num_identification_agreements,num_identification_disagreements,captive_cultivated,oauth_application_id,place_guess,latitude,longitude,positional_accuracy,private_place_guess,private_latitude,private_longitude,public_positional_accuracy,geoprivacy,taxon_geoprivacy,coordinates_obscured,positioning_method,positioning_device,species_guess,scientific_name,common_name,iconic_taxon_name,taxon_id,taxon_kingdom_name,taxon_phylum_name,taxon_subphylum_name,taxon_superclass_name,taxon_class_name,taxon_subclass_name,taxon_superorder_name,taxon_order_name,taxon_suborder_name,taxon_superfamily_name,taxon_family_name,taxon_subfamily_name,taxon_supertribe_name,taxon_tribe_name,taxon_subtribe_name,taxon_genus_name,taxon_genushybrid_name,taxon_species_name,taxon_hybrid_name,taxon_subspecies_name,taxon_variety_name,taxon_form_name
5381654,2015/10/27 8:14 AM IST,2015-10-27,2015-10-27 02:44:00 UTC,Kolkata,34585,subhajit_roy,2017-03-17 18:05:40 UTC,2017-06-24 08:54:17 UTC,research,CC-BY,https://www.inaturalist.org/observations/5381654,https://inaturalist-open-data.s3.amazonaws.com/photos/6607964/medium.jpeg?1489773926,,,,1,0,false,,Neora Valley National Park,27.101895,88.697994,,,,,,,,false,,,Himalayan Striped Squirrel,Tamiops macclellandii,Himalayan Striped Squirrel,Mammalia,75151,Animalia,Chordata,Vertebrata,,Mammalia,Theria,Euarchontoglires,Rodentia,Sciuromorpha,,Sciuridae,Callosciurinae,,Callosciurini,,Tamiops,,Tamiops macclellandii,,,,
19115147,2018/12/09 7:38 AM UTC,2018-12-09,,UTC,1390271,ani2018,2018-12-20 07:35:16 UTC,2018-12-28 04:56:18 UTC,research,,https://www.inaturalist.org/observations/19115147,https://static.inaturalist.org/photos/29339118/medium.jpg?1545291239,,,,1,0,false,,"Bangal, Darjeeling, West Bengal 734101, India",27.0824496,88.7006888,200,,,,200,,,false,,,Himalayan Striped Squirrel,Tamiops macclellandii,Himalayan Striped Squirrel,Mammalia,75151,Animalia,Chordata,Vertebrata,,Mammalia,Theria,Euarchontoglires,Rodentia,Sciuromorpha,,Sciuridae,Callosciurinae,,Callosciurini,,Tamiops,,Tamiops macclellandii,,,,
20906400,2016-09-02,2016-09-02,,New Delhi,100843,samjulian88,2019-03-03 09:25:33 UTC,2020-10-24 14:45:13 UTC,research,CC-BY-NC,https://www.inaturalist.org/observations/20906400,https://inaturalist-open-data.s3.amazonaws.com/photos/32263633/medium.jpeg?1551605129,,"squirrel, rodent",One of the few free creatures inside the zoo. ,1,0,false,,darjeeling zoo,27.055976,88.256185,,,,,,,open,false,,,Irrawaddy Squirrel,Callosciurus pygerythrus,Irrawaddy Squirrel,Mammalia,45953,Animalia,Chordata,Vertebrata,,Mammalia,Theria,Euarchontoglires,Rodentia,Sciuromorpha,,Sciuridae,Callosciurinae,,Callosciurini,,Callosciurus,,Callosciurus pygerythrus,,,,
29433419,2019/04/21 7:50 AM UTC,2019-04-21,,UTC,2025878,ashwinv,2019-07-24 09:29:20 UTC,2019-07-24 09:29:21 UTC,casual,CC-BY,https://www.inaturalist.org/observations/29433419,,,,,0,0,false,,Neora Valley National Park,27.072017706,88.6938223404,1425,,,,1425,,open,false,,,Orange-bellied Himalayan Squirrel,Dremomys lokriah,Orange-bellied Himalayan Squirrel,Mammalia,46172,Animalia,Chordata,Vertebrata,,Mammalia,Theria,Euarchontoglires,Rodentia,Sciuromorpha,,Sciuridae,Callosciurinae,,Callosciurini,,Dremomys,,Dremomys lokriah,,,,
29433420,2019/04/21 7:50 AM UTC,2019-04-21,,UTC,2025878,ashwinv,2019-07-24 09:29:21 UTC,2019-07-24 09:29:21 UTC,casual,CC-BY,https://www.inaturalist.org/observations/29433420,,,,,0,0,false,,Neora Valley National Park,27.072017706,88.6938223404,1425,,,,1425,,open,false,,,Himalayan Striped Squirrel,Tamiops macclellandii,Himalayan Striped Squirrel,Mammalia,75151,Animalia,Chordata,Vertebrata,,Mammalia,Theria,Euarchontoglires,Rodentia,Sciuromorpha,,Sciuridae,Callosciurinae,,Callosciurini,,Tamiops,,Tamiops macclellandii,,,,
29627451,2019/04/20 4:18 PM UTC,2019-04-20,,UTC,2025878,ashwinv,2019-07-27 10:05:08 UTC,2019-08-05 06:06:28 UTC,research,CC-BY,https://www.inaturalist.org/observations/29627451,https://inaturalist-open-data.s3.amazonaws.com/photos/46242270/medium.jpeg?1564210666,,,,2,0,false,,"Lava, West Bengal 734319, India",27.08704,88.662404,100,,,,100,,open,false,,,Irrawaddy Squirrel,Callosciurus pygerythrus,Irrawaddy Squirrel,Mammalia,45953,Animalia,Chordata,Vertebrata,,Mammalia,Theria,Euarchontoglires,Rodentia,Sciuromorpha,,Sciuridae,Callosciurinae,,Callosciurini,,Callosciurus,,Callosciurus pygerythrus,,,,
29627452,2019/04/22 8:37 AM UTC,2019-04-22,,UTC,2025878,ashwinv,2019-07-27 10:05:09 UTC,2019-08-05 06:06:26 UTC,research,CC-BY,https://www.inaturalist.org/observations/29627452,https://inaturalist-open-data.s3.amazonaws.com/photos/46242272/medium.jpeg?1564210668,,,,2,0,false,,"Rishop, West Bengal 734319, India",27.1077749399,88.6471200271,96,,,,96,,open,false,,,Himalayan Striped Squirrel,Tamiops macclellandii,Himalayan Striped Squirrel,Mammalia,75151,Animalia,Chordata,Vertebrata,,Mammalia,Theria,Euarchontoglires,Rodentia,Sciuromorpha,,Sciuridae,Callosciurinae,,Callosciurini,,Tamiops,,Tamiops macclellandii,,,,
29627464,2019/04/27 8:20 AM UTC,2019-04-27,,UTC,2025878,ashwinv,2019-07-27 10:05:17 UTC,2020-12-19 23:08:00 UTC,research,CC-BY,https://www.inaturalist.org/observations/29627464,https://inaturalist-open-data.s3.amazonaws.com/photos/46242419/medium.jpeg?1564210869,,,,3,0,false,,"North Sikkim, Sikkim, India",27.936554,88.546572,100,,,,100,,open,false,,,Himalayan Marmot,Marmota himalayana,Himalayan Marmot,Mammalia,46094,Animalia,Chordata,Vertebrata,,Mammalia,Theria,Euarchontoglires,Rodentia,Sciuromorpha,,Sciuridae,Xerinae,,Marmotini,,Marmota,,Marmota himalayana,,,,
31904301,2016/06/01 6:37 PM IST,2016-06-01,2016-06-01 13:07:00 UTC,Chennai,1250948,mahathi,2019-09-01 08:55:23 UTC,2019-09-01 11:41:36 UTC,research,CC-BY-NC,https://www.inaturalist.org/observations/31904301,https://inaturalist-open-data.s3.amazonaws.com/photos/49984582/medium.jpeg?1567327991,,,,1,0,false,,"Uttarey, Sikkim, India",27.2593453164,88.0935084967,977,,,,977,,open,false,,,Irrawaddy Squirrel,Callosciurus pygerythrus,Irrawaddy Squirrel,Mammalia,45953,Animalia,Chordata,Vertebrata,,Mammalia,Theria,Euarchontoglires,Rodentia,Sciuromorpha,,Sciuridae,Callosciurinae,,Callosciurini,,Callosciurus,,Callosciurus pygerythrus,,,,
35022574,2018-11-18 8:42:15 AM GMT+05:30,2018-11-18,2018-11-18 03:12:15 UTC,Chennai,2304517,supratimdeb,2019-10-28 20:54:23 UTC,2019-11-05 16:02:38 UTC,research,CC-BY,https://www.inaturalist.org/observations/35022574,https://inaturalist-open-data.s3.amazonaws.com/photos/55196788/medium.jpg?1572296069,,,,1,0,false,2,"Aritar, Sikkim, India",27.1862424838,88.6797104403,132,,,,132,,open,false,gps,gps,Irrawaddy Squirrel,Callosciurus pygerythrus,Irrawaddy Squirrel,Mammalia,45953,Animalia,Chordata,Vertebrata,,Mammalia,Theria,Euarchontoglires,Rodentia,Sciuromorpha,,Sciuridae,Callosciurinae,,Callosciurini,,Callosciurus,,Callosciurus pygerythrus,,,,
35519798,2019-11-09 9:33:33 AM GMT+05:30,2019-11-09,2019-11-09 04:03:33 UTC,Chennai,2430523,savproy,2019-11-10 06:52:38 UTC,2019-11-10 10:55:40 UTC,casual,,https://www.inaturalist.org/observations/35519798,https://static.inaturalist.org/photos/56016588/medium.jpeg?1573368768,,,,0,0,true,2,"Singtam, Sikkim 737134, India",27.2310886383,88.494720459,,,,,,,,false,gps,gps,,Rodentia,Rodents,Mammalia,43698,Animalia,Chordata,Vertebrata,,Mammalia,Theria,Euarchontoglires,Rodentia,,,,,,,,,,,,,,
36749481,2019/08/27,2019-08-27,,Kolkata,13193,rohitmg,2019-12-18 11:22:39 UTC,2019-12-19 02:44:05 UTC,research,CC-BY-SA,https://www.inaturalist.org/observations/36749481,https://inaturalist-open-data.s3.amazonaws.com/photos/58141322/medium.jpg?1576667193,,,,1,0,false,,"Tadong, Gangtok, Sikkim 737102, India",27.3120883593,88.5952811063,1000,,,,1000,,open,false,,,Irrawaddy Squirrel,Callosciurus pygerythrus,Irrawaddy Squirrel,Mammalia,45953,Animalia,Chordata,Vertebrata,,Mammalia,Theria,Euarchontoglires,Rodentia,Sciuromorpha,,Sciuridae,Callosciurinae,,Callosciurini,,Callosciurus,,Callosciurus pygerythrus,,,,
45059148,2019/04/28 11:04 AM IST,2019-04-28,2019-04-28 05:34:00 UTC,Mumbai,1410695,paragkokane,2020-05-06 10:58:20 UTC,2021-03-27 08:13:57 UTC,needs_id,CC-BY-NC,https://www.inaturalist.org/observations/45059148,https://inaturalist-open-data.s3.amazonaws.com/photos/71439658/medium.jpeg?1588762655,,,,3,0,false,,"East Sikkim, Sikkim, India",27.3699149145,88.7090659261,488,,,,488,,open,false,,,Beautiful Squirrels,Callosciurini,Beautiful Squirrels,Mammalia,339579,Animalia,Chordata,Vertebrata,,Mammalia,Theria,Euarchontoglires,Rodentia,Sciuromorpha,,Sciuridae,Callosciurinae,,Callosciurini,,,,,,,,
50865810,,,,UTC,2543766,avinashbhoi,2020-06-25 09:17:27 UTC,2020-07-02 13:37:23 UTC,casual,,https://www.inaturalist.org/observations/50865810,https://static.inaturalist.org/photos/80792133/medium.jpeg?1593076652,,,,0,0,false,2,"Chauk Bazaar, Darjeeling, West Bengal, India",27.0433285098,88.2680148259,3920,,,,3920,,open,false,gps,gps,Orange-bellied Himalayan Squirrel,Dremomys lokriah,Orange-bellied Himalayan Squirrel,Mammalia,46172,Animalia,Chordata,Vertebrata,,Mammalia,Theria,Euarchontoglires,Rodentia,Sciuromorpha,,Sciuridae,Callosciurinae,,Callosciurini,,Dremomys,,Dremomys lokriah,,,,
60399416,2019/05/16 1:33 PM UTC,2019-05-16,2019-05-16 13:33:00 UTC,UTC,3324815,ambitiousbirder,2020-09-22 07:16:50 UTC,2020-10-30 17:11:37 UTC,research,CC-BY-NC,https://www.inaturalist.org/observations/60399416,https://inaturalist-open-data.s3.amazonaws.com/photos/96578179/medium.jpeg?1600758932,,,"We found it on the road. Not dead, breathing, seems to be in a deep sleep.
",1,0,false,,"Chatakpur, West Bengal 734313, India",26.9676209858,88.3110991968,208,,,,208,,open,false,,,Callosciurus erythraeus,Callosciurus erythraeus,Pallas' Squirrel,Mammalia,45952,Animalia,Chordata,Vertebrata,,Mammalia,Theria,Euarchontoglires,Rodentia,Sciuromorpha,,Sciuridae,Callosciurinae,,Callosciurini,,Callosciurus,,Callosciurus erythraeus,,,,
60725408,2019/04/27 12:00 AM UTC,2019-04-27,2019-04-27 00:00:00 UTC,UTC,2113143,ansilbr,2020-09-25 16:38:08 UTC,2020-09-25 20:22:54 UTC,research,,https://www.inaturalist.org/observations/60725408,https://static.inaturalist.org/photos/97114898/medium.jpeg?1601049803,,,,1,0,false,,"Gurudongmar, Sikkim 737120, India",27.9833333,88.7,1915,,,,1915,,open,false,,,Himalayan Marmot,Marmota himalayana,Himalayan Marmot,Mammalia,46094,Animalia,Chordata,Vertebrata,,Mammalia,Theria,Euarchontoglires,Rodentia,Sciuromorpha,,Sciuridae,Xerinae,,Marmotini,,Marmota,,Marmota himalayana,,,,
60725418,2019/04/23 9:37 PM UTC,2019-04-23,2019-04-23 21:37:00 UTC,UTC,2113143,ansilbr,2020-09-25 16:38:11 UTC,2020-09-25 16:38:11 UTC,needs_id,,https://www.inaturalist.org/observations/60725418,https://static.inaturalist.org/photos/97117169/medium.jpeg?1601050685,,,,0,0,false,,"Sikkim 737121, India",27.1942,88.1183,200,,,,200,,,false,,,Callosciurus,Callosciurus,Beautiful Squirrels,Mammalia,45940,Animalia,Chordata,Vertebrata,,Mammalia,Theria,Euarchontoglires,Rodentia,Sciuromorpha,,Sciuridae,Callosciurinae,,Callosciurini,,Callosciurus,,,,,,
62767568,2020-10-17 11:53:53 AM GMT+05:30,2020-10-17,2020-10-17 06:23:53 UTC,Chennai,1554601,so17,2020-10-17 06:25:40 UTC,2020-10-17 11:59:17 UTC,research,,https://www.inaturalist.org/observations/62767568,https://static.inaturalist.org/photos/100626368/medium.jpeg?1602915969,,,,1,0,false,2,India,26.9256342884,88.1946169717,1700,,,,29798,,obscured,true,,,Bhutan Giant Flying Squirrel,Petaurista nobilis,Bhutan Giant Flying Squirrel,Mammalia,45983,Animalia,Chordata,Vertebrata,,Mammalia,Theria,Euarchontoglires,Rodentia,Sciuromorpha,,Sciuridae,Sciurinae,,Pteromyini,,Petaurista,,Petaurista nobilis,,,,
64346798,2019/02/24 7:05 AM IST,2019-02-24,2019-02-24 01:35:00 UTC,Kolkata,3818028,atanu_modak,2020-11-07 07:36:53 UTC,2021-03-15 06:06:07 UTC,research,,https://www.inaturalist.org/observations/64346798,https://static.inaturalist.org/photos/103431550/medium.jpeg?1604729248,,,,1,0,false,,"latpanchar, West Bengal, India",26.915907,88.4028166,2417,,,,2417,,open,false,,,Irrawaddy Squirrel,Callosciurus pygerythrus,Irrawaddy Squirrel,Mammalia,45953,Animalia,Chordata,Vertebrata,,Mammalia,Theria,Euarchontoglires,Rodentia,Sciuromorpha,,Sciuridae,Callosciurinae,,Callosciurini,,Callosciurus,,Callosciurus pygerythrus,,,,
64346813,2017/04/08 3:26 PM IST,2017-04-08,2017-04-08 09:56:00 UTC,Kolkata,3818028,atanu_modak,2020-11-07 07:37:03 UTC,2020-11-07 08:05:06 UTC,research,,https://www.inaturalist.org/observations/64346813,https://static.inaturalist.org/photos/103431757/medium.jpeg?1604729456,,,,1,0,false,,"Bangal, Darjeeling, West Bengal 734101, India",27.0824496,88.7006888,200,,,,200,,open,false,,,Himalayan Striped Squirrel,Tamiops macclellandii,Himalayan Striped Squirrel,Mammalia,75151,Animalia,Chordata,Vertebrata,,Mammalia,Theria,Euarchontoglires,Rodentia,Sciuromorpha,,Sciuridae,Callosciurinae,,Callosciurini,,Tamiops,,Tamiops macclellandii,,,,
64346814,2017/04/09 6:09 AM IST,2017-04-09,2017-04-09 00:39:00 UTC,Kolkata,3818028,atanu_modak,2020-11-07 07:37:04 UTC,2020-11-07 08:04:54 UTC,research,,https://www.inaturalist.org/observations/64346814,https://static.inaturalist.org/photos/103431790/medium.jpeg?1604729474,,,,1,0,false,,"Bangal, Darjeeling, West Bengal 734101, India",27.0824496,88.7006888,200,,,,200,,open,false,,,Orange-bellied Himalayan Squirrel,Dremomys lokriah,Orange-bellied Himalayan Squirrel,Mammalia,46172,Animalia,Chordata,Vertebrata,,Mammalia,Theria,Euarchontoglires,Rodentia,Sciuromorpha,,Sciuridae,Callosciurinae,,Callosciurini,,Dremomys,,Dremomys lokriah,,,,
64346823,2016/11/02 11:24 AM IST,2016-11-02,2016-11-02 05:54:00 UTC,Kolkata,3818028,atanu_modak,2020-11-07 07:37:08 UTC,2020-11-07 08:03:49 UTC,research,,https://www.inaturalist.org/observations/64346823,https://static.inaturalist.org/photos/103431849/medium.jpg?1604729534,,,,1,0,false,,"Darjeeling, West Bengal, India",27.0410218,88.2662745,4418,,,,4418,,open,false,,,Irrawaddy Squirrel,Callosciurus pygerythrus,Irrawaddy Squirrel,Mammalia,45953,Animalia,Chordata,Vertebrata,,Mammalia,Theria,Euarchontoglires,Rodentia,Sciuromorpha,,Sciuridae,Callosciurinae,,Callosciurini,,Callosciurus,,Callosciurus pygerythrus,,,,
64346825,2018/05/11 10:14 AM IST,2018-05-11,2018-05-11 04:44:00 UTC,Kolkata,3818028,atanu_modak,2020-11-07 07:37:09 UTC,2020-11-07 09:47:57 UTC,research,,https://www.inaturalist.org/observations/64346825,https://static.inaturalist.org/photos/103431861/medium.jpeg?1604729555,,,,1,0,false,,"Darjiling, IN-WB, IN",26.9193023619,88.3797428813,534,,,,29798,,obscured,true,,,ratufa uzdičková,Ratufa bicolor,Black Giant Squirrel,Mammalia,46033,Animalia,Chordata,Vertebrata,,Mammalia,Theria,Euarchontoglires,Rodentia,Sciuromorpha,,Sciuridae,Ratufinae,,,,Ratufa,,Ratufa bicolor,,,,
64346826,2018/05/12 2:33 PM IST,2018-05-12,2018-05-12 09:03:00 UTC,Kolkata,3818028,atanu_modak,2020-11-07 07:37:10 UTC,2020-11-07 09:48:00 UTC,research,,https://www.inaturalist.org/observations/64346826,https://static.inaturalist.org/photos/103431868/medium.jpeg?1604729562,,,,2,0,false,,India,27.0315703613,88.2149744642,4057,,,,29775,,obscured,true,,,Black Giant Squirrel,Ratufa bicolor,Black Giant Squirrel,Mammalia,46033,Animalia,Chordata,Vertebrata,,Mammalia,Theria,Euarchontoglires,Rodentia,Sciuromorpha,,Sciuridae,Ratufinae,,,,Ratufa,,Ratufa bicolor,,,,
68022287,2016/06/05 3:06 PM EDT,2016-06-05,2016-06-05 19:06:00 UTC,Eastern Time (US & Canada),715728,environeill,2021-01-13 22:00:40 UTC,2021-03-29 07:20:46 UTC,needs_id,,https://www.inaturalist.org/observations/68022287,https://static.inaturalist.org/photos/110047543/medium.jpeg?1610575202,,,likely killed by feral dogs,2,0,false,,"East Sikkim, Sikkim, India",27.374075,88.7586222222,10,,,,10,,open,false,,,Squirrels,Sciuridae,Squirrels,Mammalia,45933,Animalia,Chordata,Vertebrata,,Mammalia,Theria,Euarchontoglires,Rodentia,Sciuromorpha,,Sciuridae,,,,,,,,,,,
68454614,,,,UTC,3758054,mingma_tamang1,2021-01-22 17:52:55 UTC,2021-04-14 03:58:04 UTC,casual,,https://www.inaturalist.org/observations/68454614,https://static.inaturalist.org/photos/110846359/medium.jpeg?1611338003,,,,0,0,false,2,"Martam, Sikkim, India",27.2620341804,88.5556247458,202,,,,202,,,false,gps,gps,,Soricidae,Shrews,Mammalia,46341,Animalia,Chordata,Vertebrata,,Mammalia,Theria,Laurasiatheria,Eulipotyphla,,,Soricidae,,,,,,,,,,,
69273725,2016/03/12,2016-03-12,,UTC,730396,suemilks,2021-02-08 21:35:54 UTC,2021-04-26 21:47:07 UTC,research,,https://www.inaturalist.org/observations/69273725,https://static.inaturalist.org/photos/112377733/medium.jpg?1612820108,,"India, adult, West Bengal",Neora Valley National Park,1,0,false,,"Bangal, Darjeeling, West Bengal 734101, India",27.0824496,88.7006888,200,,,,200,,open,false,,,Orange-bellied Himalayan Squirrel,Dremomys lokriah,Orange-bellied Himalayan Squirrel,Mammalia,46172,Animalia,Chordata,Vertebrata,,Mammalia,Theria,Euarchontoglires,Rodentia,Sciuromorpha,,Sciuridae,Callosciurinae,,Callosciurini,,Dremomys,,Dremomys lokriah,,,,
71196687,2021/02/13 9:49 PM IST,2021-02-13,2021-02-13 16:19:00 UTC,Kolkata,3818028,atanu_modak,2021-03-14 06:45:08 UTC,2021-03-17 14:20:54 UTC,research,,https://www.inaturalist.org/observations/71196687,https://static.inaturalist.org/photos/115876722/medium.jpeg?1615704137,,,,2,0,false,,"Hee Burmiok, Sikkim 737113, India",27.2559625,88.1826465,1928,,,,1928,,open,false,,,Orange-bellied Himalayan Squirrel,Dremomys lokriah,Orange-bellied Himalayan Squirrel,Mammalia,46172,Animalia,Chordata,Vertebrata,,Mammalia,Theria,Euarchontoglires,Rodentia,Sciuromorpha,,Sciuridae,Callosciurinae,,Callosciurini,,Dremomys,,Dremomys lokriah,,,,
71196689,2021/03/07 8:18 AM IST,2021-03-07,2021-03-07 02:48:00 UTC,Kolkata,3818028,atanu_modak,2021-03-14 06:45:09 UTC,2021-03-17 14:19:40 UTC,research,,https://www.inaturalist.org/observations/71196689,https://static.inaturalist.org/photos/115876750/medium.jpeg?1615704168,,,,2,0,false,,"Kolbong Forest, West Bengal 734319, India",27.0824661758,88.6680876803,977,,,,977,,open,false,,,Orange-bellied Himalayan Squirrel,Dremomys lokriah,Orange-bellied Himalayan Squirrel,Mammalia,46172,Animalia,Chordata,Vertebrata,,Mammalia,Theria,Euarchontoglires,Rodentia,Sciuromorpha,,Sciuridae,Callosciurinae,,Callosciurini,,Dremomys,,Dremomys lokriah,,,,
73013856,2021-04-05 7:50:05 PM GMT+05:30,2021-04-05,2021-04-05 14:20:05 UTC,Kolkata,3818028,atanu_modak,2021-04-05 15:08:24 UTC,2021-04-14 09:54:01 UTC,research,,https://www.inaturalist.org/observations/73013856,https://static.inaturalist.org/photos/119148685/medium.jpeg?1617635322,,,We have seen the squirrel flying for several times at around 6.30 pm.,1,0,false,2,"Sikkim 737113, India",27.2484579042,88.233246021,205,,,,205,,open,false,gps,gps,Red Giant Flying Squirrel,Petaurista petaurista,Red Giant Flying Squirrel,Mammalia,45982,Animalia,Chordata,Vertebrata,,Mammalia,Theria,Euarchontoglires,Rodentia,Sciuromorpha,,Sciuridae,Sciurinae,,Pteromyini,,Petaurista,,Petaurista petaurista,,,,
73930391,2021/04/05 2:17 PM IST,2021-04-05,2021-04-05 08:47:00 UTC,Mumbai,2119456,udayagashe,2021-04-14 11:41:09 UTC,2021-04-15 06:26:09 UTC,research,CC-BY-NC,https://www.inaturalist.org/observations/73930391,https://inaturalist-open-data.s3.amazonaws.com/photos/120770051/medium.jpg?1618400218,,"Animals, Laypanchar, Location, Orange-bellied Himalayan Squirrel, Places visited from Latpanchar town, Squirrel, West Bengal",,1,0,false,,"Mahananda Sanctuary Region, West Bengal 734009, India",26.7961932,88.3630076,544,,,,544,,open,false,,,Orange-bellied Himalayan Squirrel,Dremomys lokriah,Orange-bellied Himalayan Squirrel,Mammalia,46172,Animalia,Chordata,Vertebrata,,Mammalia,Theria,Euarchontoglires,Rodentia,Sciuromorpha,,Sciuridae,Callosciurinae,,Callosciurini,,Dremomys,,Dremomys lokriah,,,,
73930392,2021/04/05 2:19 PM IST,2021-04-05,2021-04-05 08:49:00 UTC,Mumbai,2119456,udayagashe,2021-04-14 11:41:09 UTC,2021-04-15 06:26:02 UTC,research,CC-BY-NC,https://www.inaturalist.org/observations/73930392,https://inaturalist-open-data.s3.amazonaws.com/photos/120770057/medium.jpg?1618400222,,"Animals, Laypanchar, Location, Orange-bellied Himalayan Squirrel, Places visited from Latpanchar town, Squirrel, West Bengal",,1,0,false,,"Mahananda Sanctuary Region, West Bengal 734009, India",26.7961932,88.3630076,544,,,,544,,open,false,,,Orange-bellied Himalayan Squirrel,Dremomys lokriah,Orange-bellied Himalayan Squirrel,Mammalia,46172,Animalia,Chordata,Vertebrata,,Mammalia,Theria,Euarchontoglires,Rodentia,Sciuromorpha,,Sciuridae,Callosciurinae,,Callosciurini,,Dremomys,,Dremomys lokriah,,,,
74976228,2021-04-23 7:10:00 PM GMT+06:00,2021-04-23,2021-04-23 13:10:00 UTC,Almaty,3818028,atanu_modak,2021-04-23 22:07:13 UTC,2021-04-23 22:07:13 UTC,casual,,https://www.inaturalist.org/observations/74976228,,,,"It is a resident of this area. Frequently found from this area. Couldn't take any photograph due to low light conditions, as it is almost dark at that time.
Seen it flying for twice.",0,0,false,2,"Lava, West Bengal 734319, India",27.0852356024,88.6653676629,5,,,,5,,open,false,gps,gps,Hodgson's Giant Flying Squirrel,Petaurista magnificus,Hodgson's Giant Flying Squirrel,Mammalia,45985,Animalia,Chordata,Vertebrata,,Mammalia,Theria,Euarchontoglires,Rodentia,Sciuromorpha,,Sciuridae,Sciurinae,,Pteromyini,,Petaurista,,Petaurista magnificus,,,,
75404089,2021-04-22 5:19:32 PM GMT+05:30,2021-04-22,2021-04-22 11:49:32 UTC,Kolkata,13193,rohitmg,2021-04-27 07:14:37 UTC,2021-04-27 10:48:26 UTC,needs_id,CC-BY-SA,https://www.inaturalist.org/observations/75404089,https://inaturalist-open-data.s3.amazonaws.com/photos/123359850/medium.jpeg?1619507690,,,,0,0,false,2,"Major Buliding, Metro Point, Tadong, Gangtok, Sikkim 737102, India",27.310413,88.5953319722,,,,,,,,false,gps,gps,Shrews,Soricidae,Shrews,Mammalia,46341,Animalia,Chordata,Vertebrata,,Mammalia,Theria,Laurasiatheria,Eulipotyphla,,,Soricidae,,,,,,,,,,,
75628028,2015/05/06 11:25 AM IST,2015-05-06,2015-05-06 05:55:00 UTC,Chennai,3164384,rohanchak,2021-04-29 05:55:46 UTC,2021-04-29 12:29:11 UTC,research,CC-BY-NC,https://www.inaturalist.org/observations/75628028,https://inaturalist-open-data.s3.amazonaws.com/photos/123756747/medium.jpeg?1619675716,,,,1,0,false,,"Algarah, West Bengal 734314, India",27.1171661,88.5837063,327,,,,327,,open,false,,,Himalayan Striped Squirrel,Tamiops macclellandii,Himalayan Striped Squirrel,Mammalia,75151,Animalia,Chordata,Vertebrata,,Mammalia,Theria,Euarchontoglires,Rodentia,Sciuromorpha,,Sciuridae,Callosciurinae,,Callosciurini,,Tamiops,,Tamiops macclellandii,,,,
77398939,2021/04/20 5:09 PM IST,2021-04-20,2021-04-20 11:39:00 UTC,Kolkata,3818028,atanu_modak,2021-05-05 03:28:12 UTC,2021-05-07 09:14:51 UTC,research,,https://www.inaturalist.org/observations/77398939,https://static.inaturalist.org/photos/126576075/medium.jpeg?1620184785,,,,1,0,false,,"Rishop, West Bengal 734319, India",27.1067817,88.6494589,700,,,,700,,open,false,,,Himalayan Striped Squirrel,Tamiops macclellandii,Himalayan Striped Squirrel,Mammalia,75151,Animalia,Chordata,Vertebrata,,Mammalia,Theria,Euarchontoglires,Rodentia,Sciuromorpha,,Sciuridae,Callosciurinae,,Callosciurini,,Tamiops,,Tamiops macclellandii,,,,
77398940,2021/04/23 7:53 AM IST,2021-04-23,2021-04-23 02:23:00 UTC,Kolkata,3818028,atanu_modak,2021-05-05 03:28:13 UTC,2021-05-17 04:54:42 UTC,research,,https://www.inaturalist.org/observations/77398940,https://static.inaturalist.org/photos/126576092/medium.jpeg?1620184790,,,,1,0,false,,"Kolbong Forest, West Bengal 734319, India",27.0892626511,88.6596890721,15,,,,15,,open,false,,,Orange-bellied Himalayan Squirrel,Dremomys lokriah,Orange-bellied Himalayan Squirrel,Mammalia,46172,Animalia,Chordata,Vertebrata,,Mammalia,Theria,Euarchontoglires,Rodentia,Sciuromorpha,,Sciuridae,Callosciurinae,,Callosciurini,,Dremomys,,Dremomys lokriah,,,,
77405475,2021/04/06 9:05 AM IST,2021-04-06,2021-04-06 03:35:00 UTC,Kolkata,3818028,atanu_modak,2021-05-05 04:30:29 UTC,2021-05-17 04:54:42 UTC,research,,https://www.inaturalist.org/observations/77405475,https://static.inaturalist.org/photos/126589262/medium.jpeg?1620188907,,,,1,0,false,,"West Sikkim, Sikkim, India",27.246066949,88.1879693438,244,,,,244,,open,false,,,Orange-bellied Himalayan Squirrel,Dremomys lokriah,Orange-bellied Himalayan Squirrel,Mammalia,46172,Animalia,Chordata,Vertebrata,,Mammalia,Theria,Euarchontoglires,Rodentia,Sciuromorpha,,Sciuridae,Callosciurinae,,Callosciurini,,Dremomys,,Dremomys lokriah,,,,
81455270,2021-03-17 09:01:53,2021-03-17,2021-03-17 03:31:53 UTC,Kolkata,8853,ivijayanand,2021-06-03 17:28:58 UTC,2021-06-06 11:39:02 UTC,research,CC-BY-NC,https://www.inaturalist.org/observations/81455270,https://inaturalist-open-data.s3.amazonaws.com/photos/133608032/medium.jpg?1622741302,,"Ratufa bicolor, Darjeeling Mammals, Darjeeling Mammals-1 - Ratufa bicolor","Location: Latpanchor, West Bengal
Date: 18th March 2021",2,0,false,,"Darjiling, IN-WB, IN",26.9852440736,88.4034469793,3052,,,,29798,,obscured,true,,google,ratufa uzdičková,Ratufa bicolor,Black Giant Squirrel,Mammalia,46033,Animalia,Chordata,Vertebrata,,Mammalia,Theria,Euarchontoglires,Rodentia,Sciuromorpha,,Sciuridae,Ratufinae,,,,Ratufa,,Ratufa bicolor,,,,
84023015,2021-03-20 06:37:06,2021-03-20,2021-03-20 01:07:06 UTC,Kolkata,8853,ivijayanand,2021-06-22 04:46:05 UTC,2021-06-22 04:46:07 UTC,needs_id,CC-BY-NC,https://www.inaturalist.org/observations/84023015,https://inaturalist-open-data.s3.amazonaws.com/photos/138055636/medium.jpg?1624337162,,"Dremomys lokriah, Sikkim West Mammals, Sikkim West Mammals-1 - Dremomys lokriah","Location: Hilley, West Sikkim
Date: 21st March 2021",0,0,false,,Hilley-Barsey Rhododendron Sanctuary,27.1942,88.1183,,,,,,,open,false,,,Orange-bellied Himalayan Squirrel,Dremomys lokriah,Orange-bellied Himalayan Squirrel,Mammalia,46172,Animalia,Chordata,Vertebrata,,Mammalia,Theria,Euarchontoglires,Rodentia,Sciuromorpha,,Sciuridae,Callosciurinae,,Callosciurini,,Dremomys,,Dremomys lokriah,,,,
